{
  "args": {
    "data_root": "./data",
    "model": "convnet",
    "optim": "hatam",
    "epochs": 2,
    "batch_size": 128,
    "lr": 0.001,
    "device": "cpu",
    "seed": 42,
    "log_interval": 100,
    "fake_data": true,
    "eval_robustness": false,
    "track_generalization": true
  },
  "training_history": {
    "epoch": [
      1,
      2
    ],
    "train_loss": [
      4.376597136259079,
      2.638146609067917
    ],
    "train_acc": [
      11.328125,
      11.1328125
    ],
    "test_loss": [
      5.71658182144165,
      2.435983419418335
    ],
    "test_acc": [
      8.59375,
      12.109375
    ],
    "generalization_gap": [
      2.734375,
      -0.9765625
    ],
    "optim_time": [
      2.654463529586792,
      2.683293581008911
    ]
  },
  "best_test_acc": 12.109375,
  "final_generalization_gap": -0.9765625
}